"label","alias"
杨丽萍,杨丽萍老师
杨丽萍,丽萍老师
青儿,青儿老师
动动,动动老师
茉莉,茉莉老师
云裳,云裳老师
云裳,云裳馨悦广场舞
云裳,馨悦云裳广场舞
刘荣,刘荣导师
刘荣,刘荣老师
美久广场舞,美久导师
美久广场舞,美久
慧慧广场舞,慧慧广场舞
武阿哥广场舞,武阿哥广场舞
武阿哥广场舞,武阿哥
重庆叶子,重庆叶子
乔茜广场舞,乔茜诗诗
乔茜广场舞,乔茜
楠楠广场舞,楠楠老师
王广成,王广成老师
应子,应子老师
应子,応子
太湖一莲,太湖一莲
太湖一莲,一莲老师
阿采广场舞,阿采原创广场舞
金灿灿,灿灿
叫我木子姐,叫我木子姐
济宁灵爽,济宁灵爽
糖百合,糖百合
陕西美丽人生,陕西美丽人生广场舞
沅陵燕子,沅陵燕子
飘飘范儿,飘飘范儿鬼步舞
燕燕健身操,燕燕健身操冰雪公主
美丽秋霜,美丽秋霜
紫紫雨,紫紫雨
抚顺熙瑶爵士舞,抚顺熙瑶品牌爵士舞
抚顺熙瑶爵士舞,熙瑶品牌爵士舞
广州太和珍姐,广州太和珍姐广场舞
蒋蓉蓉,蒋蓉蓉
曾峰,曾峰老师
雪儿C广场舞,雪儿c广场舞
阿真广场舞,阿真广场舞
舞蝶广场舞,舞蝶广场舞
合肥爱你一生,合肥爱你一生
紫怡然,紫怡然
快乐小红,快乐小红
新风尚陈敏,新风尚陈敏
济南朵朵,济南朵朵原创舞
笑春风,笑春风
九江向霞,九江向霞健身舞团
妮可,妮可
蓝莓思洁,蓝莓思洁广场舞
郴州冬菊广场舞,郴州冬菊广场舞q129941
温州燕子,温州燕子
沭河清秋,沭河清秋
雪妹舞翩翩,雪妹舞翩翩
叶久久,叶久久四川仁寿
邱子丹,abs团队
翠屏快乐广场舞,四川快乐人生
塔河蓉儿,蓉儿老师
红蝶,红蝶w59503
芸门小娟,芸门小娟
山东学文,山东学文
舞倾心,舞倾心幼儿舞蹈
长兴秋天广场舞,长兴秋天广场舞
永安银坑广场舞,永安银坑广场舞
巨鹿霓裳依依,轻舞霓裳霓裳依依
惠汝,惠汝
舞媚娘,舞媚娘
twins舞团,twins舞团
燕语芳菲广场舞,燕语芳菲广场舞
陈敏广场舞,陈敏广场舞
香儿广场舞,香儿广场舞
晓杰广场鬼步舞,晓杰广场鬼步舞
太湖彬彬,太湖彬彬
微笑广场舞,微笑广场舞
上海伟伟,上海伟伟广场舞
神彩广场舞,神彩广场舞
建芳广场舞,建芳广场舞原创
成碧姐妹广场舞,成碧姐妹广场舞
轻舞飞扬,轻舞飞扬广场舞
芳华岁月,芳华岁月萃萃
北京炫舞青春,北京炫舞青春水兵舞
云南立铭广场舞,云南立铭广场舞
广西白衣天使,广西白衣天使
鑫盛源鬼步舞,鑫盛源鬼步舞松松
霓裳羽衣,霓裳羽衣龙游红飞舞广场舞
霓裳羽衣,龙游红飞舞
霓裳羽衣,红飞舞
好日子健身舞蹈队,好日子健身舞蹈队
好日子健身舞蹈队,小海
好日子健身舞蹈队,小海鬼步广场舞
小楠老师,小楠老师yes舞蹈
小楠老师,yes舞蹈
莉莎老师,莉莎老师
莉莎老师,成都丽莎
承鼎,承鼎老师
承鼎,承鼎广场舞
春英,春英老师
春英,春英广场舞
舞清秋,舞清秋广场舞
舞清秋,大庆杰克
北京冬之雪,北京冬之雪舞蹈队
北京冬之雪,冬之雪
漫步者,漫步者
漫步者,飞扬
灌口田头风中天使,灌口田头风中天使
灌口田头风中天使,灌口田头
羽蝶,羽蝶隐儿
羽蝶,贵州羽蝶
吉美,吉美广场
吉美,吉美老师
吉美,吉美广场舞
刘竹平柔力球,刘竹平柔力球
刘竹平柔力球,昆山竹之韵
兰州莲花,莲花老师
芳心广场舞芳芳,芳心广场舞芳芳
芳心广场舞芳芳,林州芳心
玲珑,玲珑舞坊
玲珑,卢一欢
lujp,lujp
lujp,陆老师
阳光美梅广场舞,阳光美梅广场舞
阳光美梅广场舞,美梅
麒麟广场舞,麒麟广场舞
麒麟广场舞,麒麟
湖北一清舞,湖北一清舞
湖北一清舞,清舞
包包拉丁,拉丁男神包包大人
包包拉丁,人和舞蹈
包包拉丁,包人和拉丁
山东莲雨荷广场舞,山东济宁莲雨荷广场舞
善良四季,善良四季
善良四季,石油四季
糖糖,糖糖老师
萱萱,萱萱老师
段希帆,段希帆
段希帆,希帆
西安笑言,西安笑言
西安笑言,笑言
雪狼,雪狼原创自由热舞
雪狼,雪狼原创
延川远儿,远儿
延川远儿,远儿老师
艺静心缘,贵州艺静
艺静心缘,艺静心缘广场舞
苏州雨夜,苏州雨夜
苏州雨夜,雨夜
苏州雨夜,雨夜老师
云辉,云辉知音
云辉,云南石屏云辉
张永军,张永军舞蹈健身艺术团
张永军,张永军舞蹈健身艺术团
陆川叶青,陆川叶青
河北青青,河北青青广场舞
宜兴静静,宜兴静静
宜兴静静,静静老师
舟山香樟树,香樟树子雯
映容雪,映容雪
叶梦,叶梦
天使的泪人,天使的泪人
四川蓉蓉,四川蓉蓉广场舞
杨杨广场舞,杨杨广场舞
梁萍广场舞,梁萍广场舞
嫣然明月,嫣然明月
有你就快乐一樱桃,有你就快乐一樱桃
史祁妙宣,史祁妙宣
卢清秀广场舞,卢清秀广场舞
彩蝶依依,彩蝶依依
李超广场舞,李超广场舞
蝶舞芳香广场舞,蝶舞芳香广场舞可馨
吴川飞燕广场舞,吴川飞燕广场舞
丽珠广场舞,丽珠原创广场舞民族舞
游城广场舞,游城彩蝶翩翩
游城广场舞,游城老师
游城广场舞,编舞游城
华子原创,华子
抚州左岸风情,抚州左岸风情广场舞1
江西红舞鞋,江西红舞鞋曳步舞
杨光广场舞,杨光广场舞
金鼓微笑,金鼓微笑
雨中阳光广场舞,雨中阳光广场舞郑儿
玉全广场舞,玉全
玉全广场舞,编舞玉全
玉全广场舞,玉全老师
水蜜桃广场舞,jwp水蜜桃广场舞
郑州宁宁广场舞,郑州宁宁广场舞
漓江飞舞广场舞,漓江飞舞广场舞
舞君儿,舞君儿
万安滨江舞蹈队,万安滨江舞蹈队
九真敏敏,九真敏敏
圆月如歌,圆月如歌广场舞
坪上广场舞,坪上广场舞
益馨广场舞,益馨广场舞
玫香广场舞,玫香广场舞
正点广场舞,正点广场舞
洋洋老师,洋洋老师yoga
风琴广场舞,风琴广场舞
羽裳老师,羽裳老师
凤凰六哥,凤凰六哥老师
塘兴园广场舞,塘兴园广场舞
花与影,花与影无边
夫妻广场舞,夫妻广场舞
编舞花语,花语
莞柔舞蹈,莞柔舞蹈
皇冠道格,皇冠道格
云紫燕,云紫燕达人老师
银河湾,银河湾阳光
菲菲8广场舞,菲菲8广场舞
白狐广场舞,白狐广场舞
福建阿梅儿,福建阿梅儿
皖皖老师,皖皖老师
惠州石湾玲玲广场舞,惠州石湾玲玲广场舞
肖晓shaw,肖晓shaw
晓晓芳,晓晓芳
小喵老师,小喵老师
小喵老师,编舞小喵
编舞郦影,郦影
为舞疯狂广场舞,为舞疯狂广场舞舞之梦
好运连连,好运连连广场舞
三亚冬梅,三亚冬梅
九月广场舞,九月广场舞
蝶依广场舞,蝶依广场舞
丽丽自由广场舞,丽丽自由广场舞
鄱阳饶丰秀儿老师,鄱阳饶丰秀儿老师
安徽金社广场舞,安徽金社广场舞
女女广场舞,女女广场舞
女女广场舞,南之新
小妮舞蹈,小妮舞蹈
子青广场舞,子青广场舞
舞动旋律2007,2007团队编舞心随
追梦玉儿,追梦玉儿
冬冬,冬冬水兵舞
麻阳毛毛广场舞,麻阳毛毛广场舞
编舞小龙女,小龙女
艺高高广场舞,艺高高广场舞
云儿流行舞,云儿流行舞
午后骄阳,午后骄阳
午后骄阳,编舞午后骄阳
妃儿舞蹈,妃儿舞蹈
编舞天姿,天姿萍儿
编舞天姿,天姿广场舞
重庆飞去来兮,重庆飞去来兮
编舞如云,如云
编舞如云,如云老师
听语广场舞,听语广场舞
吉祥祥,吉祥祥
美好岁月广场舞,美好岁月广场舞
信阳阿琴广场舞,信阳阿琴广场舞
编舞嘉嘉,嘉嘉爱跳拉丁舞
衡水阿梅原创广场舞,衡水阿梅原创广场舞
简画,简画
汤晓芳,汤晓芳微信13861656739
江南雨广场舞,江南雨广场舞
李奇武,李奇武kimo
